pl_name,hostname,default_flag,sy_snum,sy_pnum,discoverymethod,disc_year,disc_facility,soltype,pl_controv_flag,pl_refname,pl_orbper,pl_orbsmax,pl_rade,pl_radj,pl_bmasse,pl_bmassj,pl_bmassprov,pl_orbeccen,pl_insol,pl_eqt,ttv_flag,st_refname,st_spectype,st_teff,st_rad,st_mass,st_met,st_metratio,st_logg,sy_refname,rastr,ra,decstr,dec,sy_dist,sy_vmag,sy_kmag,sy_gaiamag,rowupdate,pl_pubdate,releasedate
KIC 10525077 b,KIC 10525077,1,1,1,Transit,2015,Kepler,Published Confirmed,0,<a refstr=WANG_ET_AL__2015 href=https://ui.adsabs.harvard.edu/abs/2015ApJ...815..127W/abstract target=ref>Wang et al. 2015</a>,854.08300000000,,5.50000000,0.49067713,,,,,,,0,<a refstr=WANG_ET_AL__2015 href=https://ui.adsabs.harvard.edu/abs/2015ApJ...815..127W/abstract target=ref>Wang et al. 2015</a>,,6091.00,1.010000,1.010000,-0.0400,[Fe/H],4.420000,<a refstr=STASSUN_ET_AL__2019 href=https://ui.adsabs.harvard.edu/abs/2019AJ....158..138S/abstract target=ref>TICv8</a>,19h09m30.75s,287.3781164,+47d46m16.15s,47.7711541,1461.15000000,15.5920000,13.7540000,15.3043000,2015-12-24,2015-12,2016-01-05
Kepler-553 b,Kepler-553,1,1,2,Transit,2016,Kepler,Published Confirmed,0,<a refstr=DALBA_ET_AL__2024 href=https://ui.adsabs.harvard.edu/abs/2024ApJS..271...16D/abstract target=ref>Dalba et al. 2024</a>,4.03046700000,0.0476600000,4.74139884,0.42300000,116.00736855,0.36500000,Mass,,235.0000,1089.00,0,<a refstr=DALBA_ET_AL__2024 href=https://ui.adsabs.harvard.edu/abs/2024ApJS..271...16D/abstract target=ref>Dalba et al. 2024</a>,,5191.00,0.902000,0.889000,0.1520,[Fe/H],4.480000,<a refstr=STASSUN_ET_AL__2019 href=https://ui.adsabs.harvard.edu/abs/2019AJ....158..138S/abstract target=ref>TICv8</a>,19h54m12.21s,298.5508922,+48d19m57.15s,48.3325405,728.52500000,15.0340000,13.0640000,14.9567000,2024-09-13,2024-03,2024-09-13
Kepler-553 c,Kepler-553,1,1,2,Transit,2016,Kepler,Published Confirmed,0,<a refstr=DALBA_ET_AL__2024 href=https://ui.adsabs.harvard.edu/abs/2024ApJS..271...16D/abstract target=ref>Dalba et al. 2024</a>,328.24017000000,0.8980000000,11.57887706,1.03300000,2129.45032690,6.70000000,Mass,0.346000,0.5890,251.00,0,<a refstr=DALBA_ET_AL__2024 href=https://ui.adsabs.harvard.edu/abs/2024ApJS..271...16D/abstract target=ref>Dalba et al. 2024</a>,,5191.00,0.902000,0.889000,0.1520,[Fe/H],4.480000,<a refstr=STASSUN_ET_AL__2019 href=https://ui.adsabs.harvard.edu/abs/2019AJ....158..138S/abstract target=ref>TICv8</a>,19h54m12.21s,298.5508922,+48d19m57.15s,48.3325405,728.52500000,15.0340000,13.0640000,14.9567000,2024-09-13,2024-03,2024-09-13
KOI-351 b,KOI-351,1,1,8,Transit,2013,Kepler,Published Confirmed,0,<a refstr=CABRERA_ET_AL__2014 href=https://ui.adsabs.harvard.edu/abs/2014ApJ...781...18C/abstract target=ref> Cabrera et al. 2014 </a>,7.00815100000,0.0740000000,1.31000000,0.11700000,,,,,,,0,<a refstr=CABRERA_ET_AL__2014 href=https://ui.adsabs.harvard.edu/abs/2014ApJ...781...18C/abstract target=ref> Cabrera et al. 2014 </a>,,6080.00,1.200000,1.200000,-0.1200,[M/H],4.400000,<a refstr=STASSUN_ET_AL__2019 href=https://ui.adsabs.harvard.edu/abs/2019AJ....158..138S/abstract target=ref>TICv8</a>,18h57m44.03s,284.4334642,+49d18m18.45s,49.3051239,848.25400000,13.8830000,12.4820000,13.7397000,2014-05-14,2014-01,2014-05-14
KOI-351 c,KOI-351,1,1,8,Transit,2013,Kepler,Published Confirmed,0,<a refstr=CABRERA_ET_AL__2014 href=https://ui.adsabs.harvard.edu/abs/2014ApJ...781...18C/abstract target=ref> Cabrera et al. 2014 </a>,8.71937500000,0.0890000000,1.19000000,0.10600000,,,,,,,0,<a refstr=CABRERA_ET_AL__2014 href=https://ui.adsabs.harvard.edu/abs/2014ApJ...781...18C/abstract target=ref> Cabrera et al. 2014 </a>,,6080.00,1.200000,1.200000,-0.1200,[M/H],4.400000,<a refstr=STASSUN_ET_AL__2019 href=https://ui.adsabs.harvard.edu/abs/2019AJ....158..138S/abstract target=ref>TICv8</a>,18h57m44.03s,284.4334642,+49d18m18.45s,49.3051239,848.25400000,13.8830000,12.4820000,13.7397000,2014-05-14,2014-01,2014-05-14
KOI-351 d,KOI-351,1,1,8,Transit,2013,Kepler,Published Confirmed,0,<a refstr=CABRERA_ET_AL__2014 href=https://ui.adsabs.harvard.edu/abs/2014ApJ...781...18C/abstract target=ref> Cabrera et al. 2014 </a>,59.73667000000,0.3200000000,2.87000000,0.25600000,,,,,,,0,<a refstr=CABRERA_ET_AL__2014 href=https://ui.adsabs.harvard.edu/abs/2014ApJ...781...18C/abstract target=ref> Cabrera et al. 2014 </a>,,6080.00,1.200000,1.200000,-0.1200,[M/H],4.400000,<a refstr=STASSUN_ET_AL__2019 href=https://ui.adsabs.harvard.edu/abs/2019AJ....158..138S/abstract target=ref>TICv8</a>,18h57m44.03s,284.4334642,+49d18m18.45s,49.3051239,848.25400000,13.8830000,12.4820000,13.7397000,2014-05-14,2014-01,2014-05-14
KOI-351 e,KOI-351,1,1,8,Transit,2013,Kepler,Published Confirmed,0,<a refstr=CABRERA_ET_AL__2014 href=https://ui.adsabs.harvard.edu/abs/2014ApJ...781...18C/abstract target=ref> Cabrera et al. 2014 </a>,91.93913000000,0.4200000000,2.66000000,0.23700000,,,,,,,0,<a refstr=CABRERA_ET_AL__2014 href=https://ui.adsabs.harvard.edu/abs/2014ApJ...781...18C/abstract target=ref> Cabrera et al. 2014 </a>,,6080.00,1.200000,1.200000,-0.1200,[M/H],4.400000,<a refstr=STASSUN_ET_AL__2019 href=https://ui.adsabs.harvard.edu/abs/2019AJ....158..138S/abstract target=ref>TICv8</a>,18h57m44.03s,284.4334642,+49d18m18.45s,49.3051239,848.25400000,13.8830000,12.4820000,13.7397000,2014-05-14,2014-01,2014-05-14
KOI-351 f,KOI-351,1,1,8,Transit,2013,Kepler,Published Confirmed,0,<a refstr=CABRERA_ET_AL__2014 href=https://ui.adsabs.harvard.edu/abs/2014ApJ...781...18C/abstract target=ref> Cabrera et al. 2014 </a>,124.91440000000,0.4800000000,2.88000000,0.25700000,,,,,,,0,<a refstr=CABRERA_ET_AL__2014 href=https://ui.adsabs.harvard.edu/abs/2014ApJ...781...18C/abstract target=ref> Cabrera et al. 2014 </a>,,6080.00,1.200000,1.200000,-0.1200,[M/H],4.400000,<a refstr=STASSUN_ET_AL__2019 href=https://ui.adsabs.harvard.edu/abs/2019AJ....158..138S/abstract target=ref>TICv8</a>,18h57m44.03s,284.4334642,+49d18m18.45s,49.3051239,848.25400000,13.8830000,12.4820000,13.7397000,2014-05-14,2014-01,2014-05-14
KOI-351 g,KOI-351,1,1,8,Transit,2013,Kepler,Published Confirmed,0,<a refstr=CABRERA_ET_AL__2014 href=https://ui.adsabs.harvard.edu/abs/2014ApJ...781...18C/abstract target=ref> Cabrera et al. 2014 </a>,210.60697000000,0.7100000000,8.10000000,0.72300000,,,,,,,1,<a refstr=CABRERA_ET_AL__2014 href=https://ui.adsabs.harvard.edu/abs/2014ApJ...781...18C/abstract target=ref> Cabrera et al. 2014 </a>,,6080.00,1.200000,1.200000,-0.1200,[M/H],4.400000,<a refstr=STASSUN_ET_AL__2019 href=https://ui.adsabs.harvard.edu/abs/2019AJ....158..138S/abstract target=ref>TICv8</a>,18h57m44.03s,284.4334642,+49d18m18.45s,49.3051239,848.25400000,13.8830000,12.4820000,13.7397000,2014-05-14,2014-01,2014-05-14
KOI-351 h,KOI-351,1,1,8,Transit,2013,Kepler,Published Confirmed,0,<a refstr=CABRERA_ET_AL__2014 href=https://ui.adsabs.harvard.edu/abs/2014ApJ...781...18C/abstract target=ref> Cabrera et al. 2014 </a>,331.60059000000,1.0100000000,11.30000000,1.00800000,,,,,,,1,<a refstr=CABRERA_ET_AL__2014 href=https://ui.adsabs.harvard.edu/abs/2014ApJ...781...18C/abstract target=ref> Cabrera et al. 2014 </a>,,6080.00,1.200000,1.200000,-0.1200,[M/H],4.400000,<a refstr=STASSUN_ET_AL__2019 href=https://ui.adsabs.harvard.edu/abs/2019AJ....158..138S/abstract target=ref>TICv8</a>,18h57m44.03s,284.4334642,+49d18m18.45s,49.3051239,848.25400000,13.8830000,12.4820000,13.7397000,2014-05-14,2014-01,2014-05-14
Kepler-90 i,KOI-351,1,1,8,Transit,2017,Kepler,Published Confirmed,0,<a refstr=SHALLUE__AMP__VANDERBURG_2018 href=https://ui.adsabs.harvard.edu/abs/2018AJ....155...94S/abstract target=ref>Shallue &amp; Vanderburg 2018</a>,14.44912000000,,1.32000000,0.11776251,,,,,,709.00,0,<a refstr=SHALLUE__AMP__VANDERBURG_2018 href=https://ui.adsabs.harvard.edu/abs/2018AJ....155...94S/abstract target=ref>Shallue &amp; Vanderburg 2018</a>,,6015.00,1.290000,1.120000,0.0980,[M/H],4.270000,<a refstr=STASSUN_ET_AL__2019 href=https://ui.adsabs.harvard.edu/abs/2019AJ....158..138S/abstract target=ref>TICv8</a>,18h57m44.03s,284.4334642,+49d18m18.45s,49.3051239,848.25400000,13.8830000,12.4820000,13.7397000,2017-12-12,2018-02,2017-12-14
Kepler-1704 b,Kepler-1704,1,1,1,Transit,2013,Kepler,Published Confirmed,0,<a refstr=DALBA_ET_AL__2021 href=https://ui.adsabs.harvard.edu/abs/2021AJ....162..154D/abstract target=ref>Dalba et al. 2021</a>,988.88112000000,2.0270000000,11.94877343,1.06600000,1322.16617312,4.16000000,Mass,0.920000,0.3420,253.80,0,<a refstr=DALBA_ET_AL__2021 href=https://ui.adsabs.harvard.edu/abs/2021AJ....162..154D/abstract target=ref>Dalba et al. 2021</a>,,5746.00,1.697000,1.132000,0.1960,[Fe/H],4.031000,<a refstr=STASSUN_ET_AL__2019 href=https://ui.adsabs.harvard.edu/abs/2019AJ....158..138S/abstract target=ref>TICv8</a>,19h24m48.30s,291.2012559,+51d08m39.28s,51.1442437,835.45500000,13.3920000,11.7920000,13.2514000,2022-11-07,2021-10,2022-11-07
PH2 b,PH2,1,1,1,Transit,2013,Kepler,Published Confirmed,0,<a refstr=DALBA_ET_AL__2024 href=https://ui.adsabs.harvard.edu/abs/2024ApJS..271...16D/abstract target=ref>Dalba et al. 2024</a>,282.52542000000,0.8330000000,9.33708092,0.83300000,87.08498352,0.27400000,Mass,0.215000,1.2000,295.10,0,<a refstr=DALBA_ET_AL__2024 href=https://ui.adsabs.harvard.edu/abs/2024ApJS..271...16D/abstract target=ref>Dalba et al. 2024</a>,,5734.00,0.949000,0.966000,0.0170,[Fe/H],4.470000,<a refstr=STASSUN_ET_AL__2019 href=https://ui.adsabs.harvard.edu/abs/2019AJ....158..138S/abstract target=ref>TICv8</a>,19h19m03.27s,289.7636212,+51d57m45.66s,51.9626830,343.86300000,12.6450000,11.1160000,12.5811000,2024-09-13,2024-03,2024-09-13
Kepler-167 b,Kepler-167,1,2,4,Transit,2014,Kepler,Published Confirmed,0,<a refstr=CHACHAN_ET_AL__2022 href=https://ui.adsabs.harvard.edu/abs/2022ApJ...926...62C/abstract target=ref>Chachan et al. 2022</a>,4.39315390000,0.0482500000,1.71800000,0.15326996,,,,0.000000,,918.00,0,<a refstr=CHACHAN_ET_AL__2022 href=https://ui.adsabs.harvard.edu/abs/2022ApJ...926...62C/abstract target=ref>Chachan et al. 2022</a>,,4884.00,0.749000,0.777000,0.0200,[Fe/H],4.579000,<a refstr=STASSUN_ET_AL__2019 href=https://ui.adsabs.harvard.edu/abs/2019AJ....158..138S/abstract target=ref>TICv8</a>,19h30m38.05s,292.6585253,+38d20m44.00s,38.3455558,341.90800000,14.2840000,11.8320000,14.0004000,2022-07-18,2022-02,2022-07-18
Kepler-167 c,Kepler-167,1,2,4,Transit,2014,Kepler,Published Confirmed,0,<a refstr=CHACHAN_ET_AL__2022 href=https://ui.adsabs.harvard.edu/abs/2022ApJ...926...62C/abstract target=ref>Chachan et al. 2022</a>,7.40610600000,0.0684000000,1.67400000,0.14934453,,,,0.000000,,771.00,0,<a refstr=CHACHAN_ET_AL__2022 href=https://ui.adsabs.harvard.edu/abs/2022ApJ...926...62C/abstract target=ref>Chachan et al. 2022</a>,,4884.00,0.749000,0.777000,0.0200,[Fe/H],4.579000,<a refstr=STASSUN_ET_AL__2019 href=https://ui.adsabs.harvard.edu/abs/2019AJ....158..138S/abstract target=ref>TICv8</a>,19h30m38.05s,292.6585253,+38d20m44.00s,38.3455558,341.90800000,14.2840000,11.8320000,14.0004000,2022-07-18,2022-02,2022-07-18
Kepler-167 d,Kepler-167,1,2,4,Transit,2016,Kepler,Published Confirmed,0,<a refstr=CHACHAN_ET_AL__2022 href=https://ui.adsabs.harvard.edu/abs/2022ApJ...926...62C/abstract target=ref>Chachan et al. 2022</a>,21.80379000000,0.1404000000,1.23800000,0.11044715,,,,0.000000,,538.00,0,<a refstr=CHACHAN_ET_AL__2022 href=https://ui.adsabs.harvard.edu/abs/2022ApJ...926...62C/abstract target=ref>Chachan et al. 2022</a>,,4884.00,0.749000,0.777000,0.0200,[Fe/H],4.579000,<a refstr=STASSUN_ET_AL__2019 href=https://ui.adsabs.harvard.edu/abs/2019AJ....158..138S/abstract target=ref>TICv8</a>,19h30m38.05s,292.6585253,+38d20m44.00s,38.3455558,341.90800000,14.2840000,11.8320000,14.0004000,2022-07-18,2022-02,2022-07-18
Kepler-167 e,Kepler-167,1,2,4,Transit,2016,Kepler,Published Confirmed,0,<a refstr=CHACHAN_ET_AL__2022 href=https://ui.adsabs.harvard.edu/abs/2022ApJ...926...62C/abstract target=ref>Chachan et al. 2022</a>,1071.23205000000,1.8830000000,10.16000000,0.90641605,321.00669107,1.01000000,Mass,0.290000,,134.40,0,<a refstr=CHACHAN_ET_AL__2022 href=https://ui.adsabs.harvard.edu/abs/2022ApJ...926...62C/abstract target=ref>Chachan et al. 2022</a>,,4884.00,0.749000,0.777000,0.0200,[Fe/H],4.579000,<a refstr=STASSUN_ET_AL__2019 href=https://ui.adsabs.harvard.edu/abs/2019AJ....158..138S/abstract target=ref>TICv8</a>,19h30m38.05s,292.6585253,+38d20m44.00s,38.3455558,341.90800000,14.2840000,11.8320000,14.0004000,2022-07-18,2022-02,2022-07-18
Kepler-1981 b,Kepler-1981,1,1,1,Transit,2023,Kepler,Kepler Project Candidate (q1_q17_dr25_koi),0,<a refstr=Q1_Q17_DR25_KOI_TABLE href=https://exoplanetarchive.ipac.caltech.edu/docs/Kepler_KOI_docs.html target=ref>Q1-Q17 DR25 KOI Table</a>,453.54212000000,1.3292000000,9.23000000,0.82344686,,,,0.000000,5.4500,390.00,0,<a refstr=Q1_Q17_DR25_KOI_TABLE href=https://exoplanetarchive.ipac.caltech.edu/docs/Kepler_KOI_docs.html target=ref>Q1-Q17 DR25 KOI Table</a>,,5874.00,3.006000,1.519000,0.1200,[Fe/H],3.664000,<a refstr=STASSUN_ET_AL__2019 href=https://ui.adsabs.harvard.edu/abs/2019AJ....158..138S/abstract target=ref>TICv8</a>,19h11m54.11s,287.9754691,+38d44m25.08s,38.7402988,659.39500000,13.5630000,11.9510000,13.3811000,2017-05-08,2017-08-31 00:00,2017-05-08
Kepler-150 b,Kepler-150,1,1,5,Transit,2014,Kepler,Published Confirmed,0,<a refstr=ROWE_ET_AL__2014 href=https://ui.adsabs.harvard.edu/abs/2014ApJ...784...45R/abstract target=ref> Rowe et al. 2014</a>,3.42805400000,0.0440000000,1.25000000,0.11200000,,,,,,,0,<a refstr=ROWE_ET_AL__2014 href=https://ui.adsabs.harvard.edu/abs/2014ApJ...784...45R/abstract target=ref> Rowe et al. 2014</a>,,5560.00,0.939000,,,,4.466000,<a refstr=STASSUN_ET_AL__2019 href=https://ui.adsabs.harvard.edu/abs/2019AJ....158..138S/abstract target=ref>TICv8</a>,19h12m56.18s,288.2341025,+40d31m15.23s,40.5208970,891.09200000,15.1610000,13.3670000,14.9743000,2014-05-14,2014-03,2014-05-14
Kepler-150 c,Kepler-150,1,1,5,Transit,2014,Kepler,Published Confirmed,0,<a refstr=ROWE_ET_AL__2014 href=https://ui.adsabs.harvard.edu/abs/2014ApJ...784...45R/abstract target=ref> Rowe et al. 2014</a>,7.38199800000,0.0730000000,3.69000000,0.32900000,,,,,,,0,<a refstr=ROWE_ET_AL__2014 href=https://ui.adsabs.harvard.edu/abs/2014ApJ...784...45R/abstract target=ref> Rowe et al. 2014</a>,,5560.00,0.939000,,,,4.466000,<a refstr=STASSUN_ET_AL__2019 href=https://ui.adsabs.harvard.edu/abs/2019AJ....158..138S/abstract target=ref>TICv8</a>,19h12m56.18s,288.2341025,+40d31m15.23s,40.5208970,891.09200000,15.1610000,13.3670000,14.9743000,2014-05-14,2014-03,2014-05-14
Kepler-150 d,Kepler-150,1,1,5,Transit,2014,Kepler,Published Confirmed,0,<a refstr=ROWE_ET_AL__2014 href=https://ui.adsabs.harvard.edu/abs/2014ApJ...784...45R/abstract target=ref> Rowe et al. 2014</a>,12.56093000000,0.1040000000,2.79000000,0.24900000,,,,,,,0,<a refstr=ROWE_ET_AL__2014 href=https://ui.adsabs.harvard.edu/abs/2014ApJ...784...45R/abstract target=ref> Rowe et al. 2014</a>,,5560.00,0.939000,,,,4.466000,<a refstr=STASSUN_ET_AL__2019 href=https://ui.adsabs.harvard.edu/abs/2019AJ....158..138S/abstract target=ref>TICv8</a>,19h12m56.18s,288.2341025,+40d31m15.23s,40.5208970,891.09200000,15.1610000,13.3670000,14.9743000,2014-05-14,2014-03,2014-05-14
Kepler-150 e,Kepler-150,1,1,5,Transit,2014,Kepler,Published Confirmed,0,<a refstr=ROWE_ET_AL__2014 href=https://ui.adsabs.harvard.edu/abs/2014ApJ...784...45R/abstract target=ref> Rowe et al. 2014</a>,30.82655700000,0.1890000000,3.12000000,0.27800000,,,,,,,0,<a refstr=ROWE_ET_AL__2014 href=https://ui.adsabs.harvard.edu/abs/2014ApJ...784...45R/abstract target=ref> Rowe et al. 2014</a>,,5560.00,0.939000,,,,4.466000,<a refstr=STASSUN_ET_AL__2019 href=https://ui.adsabs.harvard.edu/abs/2019AJ....158..138S/abstract target=ref>TICv8</a>,19h12m56.18s,288.2341025,+40d31m15.23s,40.5208970,891.09200000,15.1610000,13.3670000,14.9743000,2014-05-14,2014-03,2014-05-14
Kepler-150 f,Kepler-150,1,1,5,Transit,2017,Kepler,Published Confirmed,0,<a refstr=SCHMITT_ET_AL__2017 href=https://ui.adsabs.harvard.edu/abs/2017AJ....153..180S/abstract target=ref>Schmitt et al. 2017</a>,637.20930000000,1.2400000000,3.64000000,0.32473905,,,,,,,0,<a refstr=STASSUN_ET_AL__2019 href=https://ui.adsabs.harvard.edu/abs/2019AJ....158..138S/abstract target=ref>TICv8</a>,,5528.00,0.905339,0.970000,,,4.511220,<a refstr=STASSUN_ET_AL__2019 href=https://ui.adsabs.harvard.edu/abs/2019AJ....158..138S/abstract target=ref>TICv8</a>,19h12m56.18s,288.2341025,+40d31m15.23s,40.5208970,891.09200000,15.1610000,13.3670000,14.9743000,2017-04-11,2017-04,2017-04-13
KIC 5437945 b,KIC 5437945,1,1,2,Transit,2015,Kepler,Published Confirmed,0,<a refstr=WANG_ET_AL__2015 href=https://ui.adsabs.harvard.edu/abs/2015ApJ...815..127W/abstract target=ref>Wang et al. 2015</a>,440.78130000000,,6.40000000,0.57096976,,,,,,,0,<a refstr=WANG_ET_AL__2015 href=https://ui.adsabs.harvard.edu/abs/2015ApJ...815..127W/abstract target=ref>Wang et al. 2015</a>,,6340.00,1.240000,1.070000,-0.3800,[Fe/H],4.160000,<a refstr=STASSUN_ET_AL__2019 href=https://ui.adsabs.harvard.edu/abs/2019AJ....158..138S/abstract target=ref>TICv8</a>,19h13m53.98s,288.4749028,+40d39m04.63s,40.6512848,1274.01000000,13.8340000,12.3670000,13.7506000,2015-12-24,2015-12,2016-01-05
Kepler-460 c,KIC 5437945,1,1,2,Transit,2016,Kepler,Published Confirmed,0,<a refstr=MORTON_ET_AL__2016 href=https://ui.adsabs.harvard.edu/abs/2016ApJ...822...86M/abstract target=ref>Morton et al. 2016</a>,220.13033570000,,5.52000000,0.49246141,,,,,,,0,<a refstr=MORTON_ET_AL__2016 href=https://ui.adsabs.harvard.edu/abs/2016ApJ...822...86M/abstract target=ref>Morton et al. 2016</a>,,6146.00,1.260000,1.170000,0.0600,[Fe/H],4.300000,<a refstr=STASSUN_ET_AL__2019 href=https://ui.adsabs.harvard.edu/abs/2019AJ....158..138S/abstract target=ref>TICv8</a>,19h13m53.98s,288.4749028,+40d39m04.63s,40.6512848,1274.01000000,13.8340000,12.3670000,13.7506000,2016-05-06,2016-05,2016-05-10
Kepler-27 b,Kepler-27,1,1,3,Transit,2011,Kepler,Published Confirmed,0,<a refstr=STEFFEN_ET_AL__2012 href=https://ui.adsabs.harvard.edu/abs/2012MNRAS.421.2342S/abstract target=ref> Steffen et al. 2012 </a>,15.33480000000,0.1180000000,4.00000000,0.35700000,2895.31000000,9.11000000,Mass,,,,1,<a refstr=STEFFEN_ET_AL__2012 href=https://ui.adsabs.harvard.edu/abs/2012MNRAS.421.2342S/abstract target=ref> Steffen et al. 2012 </a>,,5400.00,0.590000,0.650000,0.4100,[M/H],5.400000,<a refstr=STASSUN_ET_AL__2019 href=https://ui.adsabs.harvard.edu/abs/2019AJ....158..138S/abstract target=ref>TICv8</a>,19h28m56.82s,292.2367608,+41d05m09.14s,41.0858710,1044.36000000,15.8220000,14.1180000,15.8164000,2014-05-14,2012-04,2014-05-14
Kepler-27 c,Kepler-27,1,1,3,Transit,2011,Kepler,Published Confirmed,0,<a refstr=STEFFEN_ET_AL__2012 href=https://ui.adsabs.harvard.edu/abs/2012MNRAS.421.2342S/abstract target=ref> Steffen et al. 2012 </a>,31.33090000000,0.1910000000,4.90000000,0.43700000,4385.87000000,13.80000000,Mass,,,,1,<a refstr=STEFFEN_ET_AL__2012 href=https://ui.adsabs.harvard.edu/abs/2012MNRAS.421.2342S/abstract target=ref> Steffen et al. 2012 </a>,,5400.00,0.590000,0.650000,0.4100,[M/H],5.400000,<a refstr=STASSUN_ET_AL__2019 href=https://ui.adsabs.harvard.edu/abs/2019AJ....158..138S/abstract target=ref>TICv8</a>,19h28m56.82s,292.2367608,+41d05m09.14s,41.0858710,1044.36000000,15.8220000,14.1180000,15.8164000,2014-05-14,2012-04,2014-05-14
Kepler-27 d,Kepler-27,1,1,3,Transit,2021,Kepler,Published Confirmed,0,<a refstr=VALIZADEGAN_ET_AL__2022 href=https://ui.adsabs.harvard.edu/abs/2022ApJ...926..120V/abstract target=ref>Valizadegan et al. 2022</a>,6.54628992100,,2.70619460,0.24143093,,,,,,,0,<a refstr=Q1_Q17_DR25_KOI_TABLE href=https://exoplanetarchive.ipac.caltech.edu/docs/Kepler_KOI_docs.html target=ref>Q1-Q17 DR25 KOI Table</a>,,5251.00,0.817000,0.926000,0.2100,[Fe/H],4.581000,<a refstr=STASSUN_ET_AL__2019 href=https://ui.adsabs.harvard.edu/abs/2019AJ....158..138S/abstract target=ref>TICv8</a>,19h28m56.82s,292.2367608,+41d05m09.14s,41.0858710,1044.36000000,15.8220000,14.1180000,15.8164000,2021-12-05,2022-02,2021-12-05
Kepler-700 b,Kepler-700,1,1,1,Transit,2016,Kepler,Published Confirmed,0,<a refstr=MORTON_ET_AL__2016 href=https://ui.adsabs.harvard.edu/abs/2016ApJ...822...86M/abstract target=ref>Morton et al. 2016</a>,80.87206390000,,5.99000000,0.53439201,,,,,,,0,<a refstr=MORTON_ET_AL__2016 href=https://ui.adsabs.harvard.edu/abs/2016ApJ...822...86M/abstract target=ref>Morton et al. 2016</a>,,5692.00,0.960000,0.980000,0.0400,[Fe/H],4.470000,<a refstr=STASSUN_ET_AL__2019 href=https://ui.adsabs.harvard.edu/abs/2019AJ....158..138S/abstract target=ref>TICv8</a>,19h08m37.01s,287.1542240,+41d33m56.80s,41.5657775,1491.76000000,15.2020000,13.5690000,15.1916000,2016-05-06,2016-05,2016-05-10
Kepler-397 b,Kepler-397,1,1,2,Transit,2014,Kepler,Published Confirmed,0,<a refstr=ROWE_ET_AL__2014 href=https://ui.adsabs.harvard.edu/abs/2014ApJ...784...45R/abstract target=ref> Rowe et al. 2014</a>,22.25094900000,0.1440000000,2.46000000,0.21900000,,,,,,,0,<a refstr=ROWE_ET_AL__2014 href=https://ui.adsabs.harvard.edu/abs/2014ApJ...784...45R/abstract target=ref> Rowe et al. 2014</a>,,5307.00,0.767000,,,,4.572000,<a refstr=STASSUN_ET_AL__2019 href=https://ui.adsabs.harvard.edu/abs/2019AJ....158..138S/abstract target=ref>TICv8</a>,19h43m34.57s,295.8940373,+42d22m49.86s,42.3805156,,16.3570000,13.9000000,,2014-05-14,2014-03,2014-05-14
Kepler-397 c,Kepler-397,1,1,2,Transit,2014,Kepler,Published Confirmed,0,<a refstr=ROWE_ET_AL__2014 href=https://ui.adsabs.harvard.edu/abs/2014ApJ...784...45R/abstract target=ref> Rowe et al. 2014</a>,135.49852700000,0.4800000000,6.18000000,0.55100000,,,,,,,1,<a refstr=ROWE_ET_AL__2014 href=https://ui.adsabs.harvard.edu/abs/2014ApJ...784...45R/abstract target=ref> Rowe et al. 2014</a>,,5307.00,0.767000,,,,4.572000,<a refstr=STASSUN_ET_AL__2019 href=https://ui.adsabs.harvard.edu/abs/2019AJ....158..138S/abstract target=ref>TICv8</a>,19h43m34.57s,295.8940373,+42d22m49.86s,42.3805156,,16.3570000,13.9000000,,2014-05-14,2014-03,2014-05-14
Kepler-1628 b,Kepler-1628,1,1,1,Transit,2016,Kepler,Published Confirmed,0,<a refstr=MORTON_ET_AL__2016 href=https://ui.adsabs.harvard.edu/abs/2016ApJ...822...86M/abstract target=ref>Morton et al. 2016</a>,76.37803300000,,6.43000000,0.57364618,,,,,,,0,<a refstr=MORTON_ET_AL__2016 href=https://ui.adsabs.harvard.edu/abs/2016ApJ...822...86M/abstract target=ref>Morton et al. 2016</a>,,3724.00,0.520000,0.550000,0.1700,[Fe/H],4.740000,<a refstr=STASSUN_ET_AL__2019 href=https://ui.adsabs.harvard.edu/abs/2019AJ....158..138S/abstract target=ref>TICv8</a>,18h46m32.09s,281.6336936,+43d24m41.60s,43.4115547,,17.8298000,13.2240000,16.9534000,2016-05-06,2016-05,2016-05-10
Kepler-1708 b,Kepler-1708,1,1,1,Transit,2021,Kepler,Published Confirmed,0,<a refstr=KIPPING_ET_AL__2022 href=https://www.nature.com/articles/s41550-021-01539-1 target=ref>Kipping et al. 2022</a>,737.11310000000,1.6400000000,9.96000000,0.88857321,1462.01067220,4.60000000,Mass,0.400000,0.5610,,0,<a refstr=KIPPING_ET_AL__2022 href=https://www.nature.com/articles/s41550-021-01539-1 target=ref>Kipping et al. 2022</a>,,6157.00,1.117000,1.088000,0.0000,[Fe/H],4.370000,<a refstr=STASSUN_ET_AL__2019 href=https://ui.adsabs.harvard.edu/abs/2019AJ....158..138S/abstract target=ref>TICv8</a>,19h47m17.79s,296.8241065,+43d37m29.35s,43.6248197,1666.69000000,15.8230000,14.0890000,15.6837000,2022-01-10,2022-01,2022-01-10
Kepler-1654 b,Kepler-1654,1,1,1,Transit,2018,Kepler,Published Confirmed,0,<a refstr=BEICHMAN_ET_AL__2018 href=https://ui.adsabs.harvard.edu/abs/2018AJ....155..158B/abstract target=ref>Beichman et al. 2018</a>,1047.83560000000,2.0260000000,9.18017100,0.81900000,158.91500000,0.50000000,Mass,0.260000,0.3000,206.00,0,<a refstr=BEICHMAN_ET_AL__2018 href=https://ui.adsabs.harvard.edu/abs/2018AJ....155..158B/abstract target=ref>Beichman et al. 2018</a>,G5 V,5597.00,1.179000,1.011000,-0.0880,[Fe/H],4.300100,<a refstr=STASSUN_ET_AL__2019 href=https://ui.adsabs.harvard.edu/abs/2019AJ....158..138S/abstract target=ref>TICv8</a>,18h48m44.57s,282.1856949,+44d26m04.06s,44.4344617,568.11700000,13.4970000,11.9220000,13.4057000,2018-03-05,2018-04,2018-03-08
Kepler-421 b,Kepler-421,1,1,1,Transit,2014,Kepler,Published Confirmed,0,<a refstr=KIPPING_ET_AL__2014 href=https://ui.adsabs.harvard.edu/abs/2014ApJ...795...25K/abstract target=ref>Kipping et al. 2014</a>,704.19840000000,1.2190000000,4.16000000,0.37100000,,,,0.041000,,185.00,0,<a refstr=KIPPING_ET_AL__2014 href=https://ui.adsabs.harvard.edu/abs/2014ApJ...795...25K/abstract target=ref>Kipping et al. 2014</a>,G9/K0,5308.00,0.757000,0.794000,-0.2500,[Fe/H],4.610000,<a refstr=STASSUN_ET_AL__2019 href=https://ui.adsabs.harvard.edu/abs/2019AJ....158..138S/abstract target=ref>TICv8</a>,18h53m01.63s,283.2568116,+45d05m15.66s,45.0876823,348.55800000,13.6110000,11.5350000,13.3477000,2014-07-23,2014-07,2014-07-23
KIC 9663113 b,KIC 9663113,1,1,2,Transit,2015,Kepler,Published Confirmed,0,<a refstr=WANG_ET_AL__2015 href=https://ui.adsabs.harvard.edu/abs/2015ApJ...815..127W/abstract target=ref>Wang et al. 2015</a>,572.38470000000,,4.60000000,0.41038451,,,,,,,0,<a refstr=WANG_ET_AL__2015 href=https://ui.adsabs.harvard.edu/abs/2015ApJ...815..127W/abstract target=ref>Wang et al. 2015</a>,,6065.00,1.030000,0.980000,-0.2800,[Fe/H],4.420000,<a refstr=STASSUN_ET_AL__2019 href=https://ui.adsabs.harvard.edu/abs/2019AJ....158..138S/abstract target=ref>TICv8</a>,19h48m10.90s,297.0454037,+46d19m43.20s,46.3286653,1594.74000000,14.0270000,12.5020000,13.9075000,2015-12-24,2015-12,2016-01-05
Kepler-458 c,KIC 9663113,1,1,2,Transit,2016,Kepler,Published Confirmed,0,<a refstr=MORTON_ET_AL__2016 href=https://ui.adsabs.harvard.edu/abs/2016ApJ...822...86M/abstract target=ref>Morton et al. 2016</a>,20.74028413000,,4.20000000,0.37469890,,,,,,,0,<a refstr=STASSUN_ET_AL__2019 href=https://ui.adsabs.harvard.edu/abs/2019AJ....158..138S/abstract target=ref>TICv8</a>,,6117.21,2.215620,1.150000,0.1436,[M/H],3.807780,<a refstr=STASSUN_ET_AL__2019 href=https://ui.adsabs.harvard.edu/abs/2019AJ....158..138S/abstract target=ref>TICv8</a>,19h48m10.90s,297.0454037,+46d19m43.20s,46.3286653,1594.74000000,14.0270000,12.5020000,13.9075000,2016-05-06,2016-05,2016-05-10
WASP-12 b,WASP-12,1,3,1,Transit,2008,SuperWASP,Published Confirmed,0,<a refstr=LEONARDI_ET_AL__2024 href=https://ui.adsabs.harvard.edu/abs/2024A&A...686A..84L/abstract target=ref>Leonardi et al. 2024</a>,1.09141890100,0.0234000000,22.02564708,1.96500000,,,,,,,0,<a refstr=LEONARDI_ET_AL__2024 href=https://ui.adsabs.harvard.edu/abs/2024A&A...686A..84L/abstract target=ref>Leonardi et al. 2024</a>,,6265.00,1.690000,1.325000,0.1200,[Fe/H],4.110000,<a refstr=STASSUN_ET_AL__2019 href=https://ui.adsabs.harvard.edu/abs/2019AJ....158..138S/abstract target=ref>TICv8</a>,06h30m32.79s,97.6366450,+29d40m20.16s,29.6722662,427.24600000,11.5690000,10.1880000,11.4999000,2025-02-12,2024-06,2025-02-12
HD 189733 b,HD 189733,1,2,1,Radial Velocity,2005,Haute-Provence Observatory,Published Confirmed,0,<a refstr=STASSUN_ET_AL__2017 href=https://ui.adsabs.harvard.edu/abs/2017AJ....153..136S/abstract target=ref>Stassun et al. 2017</a>,2.21857567000,,12.66617000,1.13000000,359.14790000,1.13000000,Mass,0.000000,,,0,<a refstr=STASSUN_ET_AL__2017 href=https://ui.adsabs.harvard.edu/abs/2017AJ....153..136S/abstract target=ref>Stassun et al. 2017</a>,,5052.00,0.750000,0.790000,-0.0200,[Fe/H],4.490000,<a refstr=STASSUN_ET_AL__2019 href=https://ui.adsabs.harvard.edu/abs/2019AJ....158..138S/abstract target=ref>TICv8</a>,20h00m43.71s,300.1821223,+22d42m35.19s,22.7097759,19.76380000,7.6700000,5.5410000,7.4143200,2018-12-03,2017-03,2018-12-06
MOA-2011-BLG-262L b,MOA-2011-BLG-262L,1,1,1,Microlensing,2014,MOA,Published Confirmed,0,<a refstr=BENNETT_ET_AL__2014 href=https://ui.adsabs.harvard.edu/abs/2014ApJ...785..155B/abstract target=ref>Bennett et al. 2014</a>,,0.9500000000,,,17.00000000,0.05300000,Mass,,,,0,<a refstr=BENNETT_ET_AL__2014 href=https://ui.adsabs.harvard.edu/abs/2014ApJ...785..155B/abstract target=ref>Bennett et al. 2014</a>,,,,0.110000,,,,<a refstr=BENNETT_ET_AL__2014 href=https://ui.adsabs.harvard.edu/abs/2014ApJ...785..155B/abstract target=ref>Bennett et al. 2014</a>,18h00m23.48s,270.0978330,-31d14m42.93s,-31.2452583,7200.00000000,,,,2020-03-13,2014-04,2019-12-05
HD 136352 b,HD 136352,1,1,3,Radial Velocity,2019,La Silla Observatory,Published Confirmed,0,<a refstr=DELREZ_ET_AL__2021 href=https://ui.adsabs.harvard.edu/abs/2021NatAs.tmp..106D/abstract target=ref>Delrez et al. 2021</a>,11.57797000000,0.0964000000,1.66400000,0.14845239,4.72000000,0.01485078,Mass,0.000000,111.6000,905.00,0,<a refstr=DELREZ_ET_AL__2021 href=https://ui.adsabs.harvard.edu/abs/2021NatAs.tmp..106D/abstract target=ref>Delrez et al. 2021</a>,,5664.00,1.058000,0.870000,-0.2400,[M/H],4.390000,<a refstr=STASSUN_ET_AL__2019 href=https://ui.adsabs.harvard.edu/abs/2019AJ....158..138S/abstract target=ref>TICv8</a>,15h21m45.63s,230.4401147,-48d19m07.74s,-48.3188174,14.68200000,5.6500000,4.1590000,5.4849500,2021-08-09,2021-06,2021-08-09
HD 136352 c,HD 136352,1,1,3,Radial Velocity,2019,La Silla Observatory,Published Confirmed,0,<a refstr=DELREZ_ET_AL__2021 href=https://ui.adsabs.harvard.edu/abs/2021NatAs.tmp..106D/abstract target=ref>Delrez et al. 2021</a>,27.59221000000,0.1721000000,2.91600000,0.26014854,11.24000000,0.03536499,Mass,0.000000,35.1000,677.00,0,<a refstr=DELREZ_ET_AL__2021 href=https://ui.adsabs.harvard.edu/abs/2021NatAs.tmp..106D/abstract target=ref>Delrez et al. 2021</a>,,5664.00,1.058000,0.870000,-0.2400,[M/H],4.390000,<a refstr=STASSUN_ET_AL__2019 href=https://ui.adsabs.harvard.edu/abs/2019AJ....158..138S/abstract target=ref>TICv8</a>,15h21m45.63s,230.4401147,-48d19m07.74s,-48.3188174,14.68200000,5.6500000,4.1590000,5.4849500,2021-08-09,2021-06,2021-08-09
HD 136352 d,HD 136352,1,1,3,Radial Velocity,2019,La Silla Observatory,Published Confirmed,0,<a refstr=DELREZ_ET_AL__2021 href=https://ui.adsabs.harvard.edu/abs/2021NatAs.tmp..106D/abstract target=ref>Delrez et al. 2021</a>,107.24500000000,0.4250000000,2.56200000,0.22856672,8.82000000,0.02775082,Mass,0.000000,5.7400,431.00,0,<a refstr=DELREZ_ET_AL__2021 href=https://ui.adsabs.harvard.edu/abs/2021NatAs.tmp..106D/abstract target=ref>Delrez et al. 2021</a>,,5664.00,1.058000,0.870000,-0.2400,[M/H],4.390000,<a refstr=STASSUN_ET_AL__2019 href=https://ui.adsabs.harvard.edu/abs/2019AJ....158..138S/abstract target=ref>TICv8</a>,15h21m45.63s,230.4401147,-48d19m07.74s,-48.3188174,14.68200000,5.6500000,4.1590000,5.4849500,2021-08-09,2021-06,2021-08-09
HD 136352 b,HD 136352,1,1,3,Radial Velocity,2019,La Silla Observatory,Published Confirmed,0,<a refstr=DELREZ_ET_AL__2021 href=https://ui.adsabs.harvard.edu/abs/2021NatAs.tmp..106D/abstract target=ref>Delrez et al. 2021</a>,11.57797000000,0.0964000000,1.66400000,0.14845239,4.72000000,0.01485078,Mass,0.000000,111.6000,905.00,0,<a refstr=DELREZ_ET_AL__2021 href=https://ui.adsabs.harvard.edu/abs/2021NatAs.tmp..106D/abstract target=ref>Delrez et al. 2021</a>,,5664.00,1.058000,0.870000,-0.2400,[M/H],4.390000,<a refstr=STASSUN_ET_AL__2019 href=https://ui.adsabs.harvard.edu/abs/2019AJ....158..138S/abstract target=ref>TICv8</a>,15h21m45.63s,230.4401147,-48d19m07.74s,-48.3188174,14.68200000,5.6500000,4.1590000,5.4849500,2021-08-09,2021-06,2021-08-09
HD 136352 c,HD 136352,1,1,3,Radial Velocity,2019,La Silla Observatory,Published Confirmed,0,<a refstr=DELREZ_ET_AL__2021 href=https://ui.adsabs.harvard.edu/abs/2021NatAs.tmp..106D/abstract target=ref>Delrez et al. 2021</a>,27.59221000000,0.1721000000,2.91600000,0.26014854,11.24000000,0.03536499,Mass,0.000000,35.1000,677.00,0,<a refstr=DELREZ_ET_AL__2021 href=https://ui.adsabs.harvard.edu/abs/2021NatAs.tmp..106D/abstract target=ref>Delrez et al. 2021</a>,,5664.00,1.058000,0.870000,-0.2400,[M/H],4.390000,<a refstr=STASSUN_ET_AL__2019 href=https://ui.adsabs.harvard.edu/abs/2019AJ....158..138S/abstract target=ref>TICv8</a>,15h21m45.63s,230.4401147,-48d19m07.74s,-48.3188174,14.68200000,5.6500000,4.1590000,5.4849500,2021-08-09,2021-06,2021-08-09
HD 136352 d,HD 136352,1,1,3,Radial Velocity,2019,La Silla Observatory,Published Confirmed,0,<a refstr=DELREZ_ET_AL__2021 href=https://ui.adsabs.harvard.edu/abs/2021NatAs.tmp..106D/abstract target=ref>Delrez et al. 2021</a>,107.24500000000,0.4250000000,2.56200000,0.22856672,8.82000000,0.02775082,Mass,0.000000,5.7400,431.00,0,<a refstr=DELREZ_ET_AL__2021 href=https://ui.adsabs.harvard.edu/abs/2021NatAs.tmp..106D/abstract target=ref>Delrez et al. 2021</a>,,5664.00,1.058000,0.870000,-0.2400,[M/H],4.390000,<a refstr=STASSUN_ET_AL__2019 href=https://ui.adsabs.harvard.edu/abs/2019AJ....158..138S/abstract target=ref>TICv8</a>,15h21m45.63s,230.4401147,-48d19m07.74s,-48.3188174,14.68200000,5.6500000,4.1590000,5.4849500,2021-08-09,2021-06,2021-08-09
HD 136352 b,HD 136352,1,1,3,Radial Velocity,2019,La Silla Observatory,Published Confirmed,0,<a refstr=DELREZ_ET_AL__2021 href=https://ui.adsabs.harvard.edu/abs/2021NatAs.tmp..106D/abstract target=ref>Delrez et al. 2021</a>,11.57797000000,0.0964000000,1.66400000,0.14845239,4.72000000,0.01485078,Mass,0.000000,111.6000,905.00,0,<a refstr=DELREZ_ET_AL__2021 href=https://ui.adsabs.harvard.edu/abs/2021NatAs.tmp..106D/abstract target=ref>Delrez et al. 2021</a>,,5664.00,1.058000,0.870000,-0.2400,[M/H],4.390000,<a refstr=STASSUN_ET_AL__2019 href=https://ui.adsabs.harvard.edu/abs/2019AJ....158..138S/abstract target=ref>TICv8</a>,15h21m45.63s,230.4401147,-48d19m07.74s,-48.3188174,14.68200000,5.6500000,4.1590000,5.4849500,2021-08-09,2021-06,2021-08-09
HD 136352 c,HD 136352,1,1,3,Radial Velocity,2019,La Silla Observatory,Published Confirmed,0,<a refstr=DELREZ_ET_AL__2021 href=https://ui.adsabs.harvard.edu/abs/2021NatAs.tmp..106D/abstract target=ref>Delrez et al. 2021</a>,27.59221000000,0.1721000000,2.91600000,0.26014854,11.24000000,0.03536499,Mass,0.000000,35.1000,677.00,0,<a refstr=DELREZ_ET_AL__2021 href=https://ui.adsabs.harvard.edu/abs/2021NatAs.tmp..106D/abstract target=ref>Delrez et al. 2021</a>,,5664.00,1.058000,0.870000,-0.2400,[M/H],4.390000,<a refstr=STASSUN_ET_AL__2019 href=https://ui.adsabs.harvard.edu/abs/2019AJ....158..138S/abstract target=ref>TICv8</a>,15h21m45.63s,230.4401147,-48d19m07.74s,-48.3188174,14.68200000,5.6500000,4.1590000,5.4849500,2021-08-09,2021-06,2021-08-09
HD 136352 d,HD 136352,1,1,3,Radial Velocity,2019,La Silla Observatory,Published Confirmed,0,<a refstr=DELREZ_ET_AL__2021 href=https://ui.adsabs.harvard.edu/abs/2021NatAs.tmp..106D/abstract target=ref>Delrez et al. 2021</a>,107.24500000000,0.4250000000,2.56200000,0.22856672,8.82000000,0.02775082,Mass,0.000000,5.7400,431.00,0,<a refstr=DELREZ_ET_AL__2021 href=https://ui.adsabs.harvard.edu/abs/2021NatAs.tmp..106D/abstract target=ref>Delrez et al. 2021</a>,,5664.00,1.058000,0.870000,-0.2400,[M/H],4.390000,<a refstr=STASSUN_ET_AL__2019 href=https://ui.adsabs.harvard.edu/abs/2019AJ....158..138S/abstract target=ref>TICv8</a>,15h21m45.63s,230.4401147,-48d19m07.74s,-48.3188174,14.68200000,5.6500000,4.1590000,5.4849500,2021-08-09,2021-06,2021-08-09
HD 189733 b,HD 189733,1,2,1,Radial Velocity,2005,Haute-Provence Observatory,Published Confirmed,0,<a refstr=STASSUN_ET_AL__2017 href=https://ui.adsabs.harvard.edu/abs/2017AJ....153..136S/abstract target=ref>Stassun et al. 2017</a>,2.21857567000,,12.66617000,1.13000000,359.14790000,1.13000000,Mass,0.000000,,,0,<a refstr=STASSUN_ET_AL__2017 href=https://ui.adsabs.harvard.edu/abs/2017AJ....153..136S/abstract target=ref>Stassun et al. 2017</a>,,5052.00,0.750000,0.790000,-0.0200,[Fe/H],4.490000,<a refstr=STASSUN_ET_AL__2019 href=https://ui.adsabs.harvard.edu/abs/2019AJ....158..138S/abstract target=ref>TICv8</a>,20h00m43.71s,300.1821223,+22d42m35.19s,22.7097759,19.76380000,7.6700000,5.5410000,7.4143200,2018-12-03,2017-03,2018-12-06
WASP-49 b,WASP-49,1,2,1,Transit,2012,SuperWASP,Published Confirmed,0,<a refstr=STASSUN_ET_AL__2017 href=https://ui.adsabs.harvard.edu/abs/2017AJ....153..136S/abstract target=ref>Stassun et al. 2017</a>,2.78174000000,,12.44199000,1.11000000,117.59710000,0.37000000,Mass,0.000000,,,0,<a refstr=STASSUN_ET_AL__2017 href=https://ui.adsabs.harvard.edu/abs/2017AJ....153..136S/abstract target=ref>Stassun et al. 2017</a>,,5600.00,0.970000,0.920000,-0.2300,[Fe/H],4.500000,<a refstr=STASSUN_ET_AL__2019 href=https://ui.adsabs.harvard.edu/abs/2019AJ....158..138S/abstract target=ref>TICv8</a>,06h04m21.53s,91.0897193,-16d57m55.40s,-16.9653901,194.55300000,11.3520000,9.7490000,11.2907000,2018-04-25,2017-03,2018-04-26
HAT-P-12 b,HAT-P-12,1,1,1,Transit,2009,HATNet,Published Confirmed,0,<a refstr=HARTMAN_ET_AL__2009 href=https://ui.adsabs.harvard.edu/abs/2009ApJ...706..785H/abstract target=ref> Hartman et al. 2009 </a>,3.21305980000,0.0384000000,10.74900000,0.95900000,67.05900000,0.21100000,Mass,0.000000,,963.00,0,<a refstr=HARTMAN_ET_AL__2009 href=https://ui.adsabs.harvard.edu/abs/2009ApJ...706..785H/abstract target=ref> Hartman et al. 2009 </a>,K4,4650.00,0.701000,0.733000,-0.2900,[Fe/H],4.610000,<a refstr=STASSUN_ET_AL__2019 href=https://ui.adsabs.harvard.edu/abs/2019AJ....158..138S/abstract target=ref>TICv8</a>,13h57m33.27s,209.3886452,+43d29m35.92s,43.4933100,142.75100000,12.6650000,10.1080000,12.4197000,2014-05-14,2009-11,2014-05-14
WASP-69 b,WASP-69,1,1,1,Transit,2014,SuperWASP,Published Confirmed,0,<a refstr=STASSUN_ET_AL__2017 href=https://ui.adsabs.harvard.edu/abs/2017AJ....153..136S/abstract target=ref>Stassun et al. 2017</a>,3.86814000000,,12.44199000,1.11000000,92.17070000,0.29000000,Mass,0.000000,,,0,<a refstr=STASSUN_ET_AL__2017 href=https://ui.adsabs.harvard.edu/abs/2017AJ....153..136S/abstract target=ref>Stassun et al. 2017</a>,,4700.00,0.860000,0.980000,0.1500,[Fe/H],4.500000,<a refstr=STASSUN_ET_AL__2019 href=https://ui.adsabs.harvard.edu/abs/2019AJ....158..138S/abstract target=ref>TICv8</a>,21h00m06.23s,315.0259661,-05d05m41.49s,-5.0948570,49.96050000,9.8730000,7.4590000,9.4846600,2018-04-25,2017-03,2018-04-26
HD 189733 b,HD 189733,1,2,1,Radial Velocity,2005,Haute-Provence Observatory,Published Confirmed,0,<a refstr=STASSUN_ET_AL__2017 href=https://ui.adsabs.harvard.edu/abs/2017AJ....153..136S/abstract target=ref>Stassun et al. 2017</a>,2.21857567000,,12.66617000,1.13000000,359.14790000,1.13000000,Mass,0.000000,,,0,<a refstr=STASSUN_ET_AL__2017 href=https://ui.adsabs.harvard.edu/abs/2017AJ....153..136S/abstract target=ref>Stassun et al. 2017</a>,,5052.00,0.750000,0.790000,-0.0200,[Fe/H],4.490000,<a refstr=STASSUN_ET_AL__2019 href=https://ui.adsabs.harvard.edu/abs/2019AJ....158..138S/abstract target=ref>TICv8</a>,20h00m43.71s,300.1821223,+22d42m35.19s,22.7097759,19.76380000,7.6700000,5.5410000,7.4143200,2018-12-03,2017-03,2018-12-06
WASP-49 b,WASP-49,1,2,1,Transit,2012,SuperWASP,Published Confirmed,0,<a refstr=STASSUN_ET_AL__2017 href=https://ui.adsabs.harvard.edu/abs/2017AJ....153..136S/abstract target=ref>Stassun et al. 2017</a>,2.78174000000,,12.44199000,1.11000000,117.59710000,0.37000000,Mass,0.000000,,,0,<a refstr=STASSUN_ET_AL__2017 href=https://ui.adsabs.harvard.edu/abs/2017AJ....153..136S/abstract target=ref>Stassun et al. 2017</a>,,5600.00,0.970000,0.920000,-0.2300,[Fe/H],4.500000,<a refstr=STASSUN_ET_AL__2019 href=https://ui.adsabs.harvard.edu/abs/2019AJ....158..138S/abstract target=ref>TICv8</a>,06h04m21.53s,91.0897193,-16d57m55.40s,-16.9653901,194.55300000,11.3520000,9.7490000,11.2907000,2018-04-25,2017-03,2018-04-26
WASP-31 b,WASP-31,1,1,1,Transit,2010,SuperWASP,Published Confirmed,0,<a refstr=ANDERSON_ET_AL__2011 href=https://ui.adsabs.harvard.edu/abs/2011A&A...531A..60A/abstract target=ref> Anderson et al. 2011</a>,3.40590960000,0.0465900000,17.36300000,1.54900000,151.91600000,0.47800000,Mass,0.000000,,,0,<a refstr=ANDERSON_ET_AL__2011 href=https://ui.adsabs.harvard.edu/abs/2011A&A...531A..60A/abstract target=ref> Anderson et al. 2011</a>,,6302.00,1.252000,1.163000,-0.2000,[Fe/H],4.308000,<a refstr=STASSUN_ET_AL__2019 href=https://ui.adsabs.harvard.edu/abs/2019AJ....158..138S/abstract target=ref>TICv8</a>,11h17m45.33s,169.4388603,-19d03m17.20s,-19.0547781,383.82900000,11.6580000,10.6500000,11.8163000,2014-05-14,2011-07,2014-05-14
HD 209458 b,HD 209458,1,1,1,Radial Velocity,1999,W. M. Keck Observatory,Published Confirmed,0,<a refstr=STASSUN_ET_AL__2017 href=https://ui.adsabs.harvard.edu/abs/2017AJ....153..136S/abstract target=ref>Stassun et al. 2017</a>,3.52474859000,,15.58051000,1.39000000,232.01590000,0.73000000,Mass,0.000000,,,0,<a refstr=STASSUN_ET_AL__2017 href=https://ui.adsabs.harvard.edu/abs/2017AJ....153..136S/abstract target=ref>Stassun et al. 2017</a>,,6091.00,1.190000,1.230000,0.0100,[Fe/H],4.450000,<a refstr=STASSUN_ET_AL__2019 href=https://ui.adsabs.harvard.edu/abs/2019AJ....158..138S/abstract target=ref>TICv8</a>,22h03m10.81s,330.7950219,+18d53m03.27s,18.8842419,48.30160000,7.6500000,6.3080000,7.5086600,2018-12-03,2017-03,2018-12-06
HAT-P-1 b,HAT-P-1,1,2,1,Transit,2006,HATNet,Published Confirmed,0,<a refstr=NIKOLOV_ET_AL__2014 href=https://ui.adsabs.harvard.edu/abs/2014MNRAS.437...46N/abstract target=ref>Nikolov et al. 2014</a>,4.46529976000,0.0556100000,14.78467100,1.31900000,166.86075000,0.52500000,Mass,,,1322.00,0,<a refstr=NIKOLOV_ET_AL__2014 href=https://ui.adsabs.harvard.edu/abs/2014MNRAS.437...46N/abstract target=ref>Nikolov et al. 2014</a>,,5980.00,1.174000,1.151000,0.1300,[Fe/H],4.359000,<a refstr=STASSUN_ET_AL__2019 href=https://ui.adsabs.harvard.edu/abs/2019AJ....158..138S/abstract target=ref>TICv8</a>,22h57m46.89s,344.4453632,+38d40m29.71s,38.6749190,158.97900000,9.8270000,8.8580000,10.1786000,2015-09-08,2014-01,2015-09-10
bet Pic b,bet Pic,1,1,2,Imaging,2008,Paranal Observatory,Published Confirmed,0,<a refstr=FENG_ET_AL__2022 href=https://ui.adsabs.harvard.edu/abs/2022ApJS..262...21F/abstract target=ref>Feng et al. 2022</a>,8617.50952000000,10.0180000000,,,3727.80938570,11.72900000,Mass,0.106000,,,0,<a refstr=FENG_ET_AL__2022 href=https://ui.adsabs.harvard.edu/abs/2022ApJS..262...21F/abstract target=ref>Feng et al. 2022</a>,,,,1.795000,,,,<a refstr=STASSUN_ET_AL__2019 href=https://ui.adsabs.harvard.edu/abs/2019AJ....158..138S/abstract target=ref>TICv8</a>,05h47m17.10s,86.8212337,-51d03m58.13s,-51.0661480,19.74420000,3.8500000,3.5260000,3.8201500,2023-06-12,2022-09,2023-06-12
bet Pic c,bet Pic,1,1,2,Radial Velocity,2019,La Silla Observatory,Published Confirmed,0,<a refstr=FENG_ET_AL__2022 href=https://ui.adsabs.harvard.edu/abs/2022ApJS..262...21F/abstract target=ref>Feng et al. 2022</a>,1192.77951000000,2.6800000000,,,3222.46221857,10.13900000,Mass,0.314000,,,0,<a refstr=FENG_ET_AL__2022 href=https://ui.adsabs.harvard.edu/abs/2022ApJS..262...21F/abstract target=ref>Feng et al. 2022</a>,,,,1.795000,,,,<a refstr=STASSUN_ET_AL__2019 href=https://ui.adsabs.harvard.edu/abs/2019AJ....158..138S/abstract target=ref>TICv8</a>,05h47m17.10s,86.8212337,-51d03m58.13s,-51.0661480,19.74420000,3.8500000,3.5260000,3.8201500,2023-06-12,2022-09,2023-06-12
